timestamp,unique_players,plays,minutes_played,average_minutes_per_player,peak_ccu,favorites,recommendations,retention_d1,retention_d7
2026-09-19T00:00:00.000Z,147,194,4725,32.14,15,10,1,0.16,0
2026-09-20T00:00:00.000Z,285,367,12446,43.67,23,24,3,0.16,0.02
2026-09-21T00:00:00.000Z,88,116,3363,38.22,16,8,1,0.15,0.06
2026-09-22T00:00:00.000Z,57,71,1693,29.7,6,4,,0.09,0.02
2026-09-23T00:00:00.000Z,62,69,2231,35.98,12,5,0,0.12,0
2026-09-24T00:00:00.000Z,74,101,3183,43.01,8,10,2,0.19,0
2026-09-25T00:00:00.000Z,131,170,4666,35.62,15,8,1,0.18,0
2026-09-26T00:00:00.000Z,177,242,6471,36.56,18,19,4,0.19,0.05
2026-09-27T00:00:00.000Z,253,315,9163,36.22,22,16,4,0.09,0.01
2026-09-28T00:00:00.000Z,139,173,5210,37.48,17,7,,0.16,0.02
2026-09-29T00:00:00.000Z,91,107,2367,26.01,12,11,2,0.08,0.06
2026-09-30T00:00:00.000Z,114,125,2914,25.56,12,8,,0.09,0.02
2026-10-01T00:00:00.000Z,101,117,3158,31.27,10,4,2,0.11,0.05
2026-10-02T00:00:00.000Z,104,130,3854,37.06,8,13,1,0.07,0.03
